{"cameraMode":{"drawMode":0,"name":"Shaded","section":"Shading Mode"},"sceneLighting":true,"audioPlay":false,"sceneViewState":{"m_AlwaysRefresh":false,"showFog":true,"showSkybox":true,"showFlares":true,"showImageEffects":true,"showParticleSystems":true,"showVisualEffectGraphs":true,"m_FxEnabled":true},"in2DMode":false,"pivot":{"x":1.0032174587249756,"y":-18.270648956298829,"z":-11.249397277832032},"rotation":{"x":-0.06692762672901154,"y":0.9305758476257324,"z":-0.28522828221321108,"w":-0.22002439200878144},"size":23.77015495300293,"orthographic":false}