{"cameraMode":{"drawMode":0,"name":"Shaded","section":"Shading Mode"},"sceneLighting":true,"audioPlay":false,"sceneViewState":{"m_AlwaysRefresh":false,"showFog":true,"showSkybox":true,"showFlares":true,"showImageEffects":true,"showParticleSystems":true,"showVisualEffectGraphs":true,"m_FxEnabled":true},"in2DMode":false,"pivot":{"x":1.0032174587249756,"y":-18.270648956298829,"z":-11.249397277832032},"rotation":{"x":-0.04487897455692291,"y":0.9453087449073792,"z":-0.28661173582077029,"w":-0.14982526004314423},"size":23.2075138092041,"orthographic":false}